{
  "model_file": "spam_clf.joblib",
  "vectorizer_file": "tfidf_vectorizer.joblib",
  "threshold": 0.5509259259259258,
  "metrics_test": {
    "precision": 0.7344064386317908,
    "recall": 0.9681697612732095
  },
  "train_shape": 10111,
  "val_shape": 1263,
  "test_shape": 1266
}